[{"url": "Pool.html#method_add", "access": "", "host": "Pool", "type": "method", "name": "add"}, {"url": "ProximityManager.html#method_addItem", "access": "", "host": "ProximityManager", "type": "method", "name": "addItem"}, {"url": "ScoreManager.html#method_addScore", "access": "", "host": "ScoreManager", "type": "method", "name": "addScore"}, {"url": "Rnd.html#method_afterFirst", "access": "", "host": "Rnd", "type": "method", "name": "afterFirst"}, {"url": "Rnd.html#method_afterLast", "access": "", "host": "Rnd", "type": "method", "name": "afterLast"}, {"url": "TouchBar.html#property_alwaysReachTarget", "access": "", "host": "TouchBar", "type": "property", "name": "alwaysReachTarget"}, {"url": "GamePad.html#property_angle", "access": "protected", "host": "GamePad", "type": "property", "name": "angle"}, {"url": "Player.html#property_avatar", "access": "", "host": "Player", "type": "property", "name": "avatar"}, {"url": "GameBootstrap.html#property_baseUrl", "access": "protected", "host": "GameBootstrap", "type": "property", "name": "baseUrl"}, {"url": "Rnd.html#method_beforeFirst", "access": "", "host": "Rnd", "type": "method", "name": "beforeFirst"}, {"url": "Rnd.html#method_beforeLast", "access": "", "host": "Rnd", "type": "method", "name": "beforeLast"}, {"url": "Rnd.html#method_beginsWith", "access": "", "host": "Rnd", "type": "method", "name": "beginsWith"}, {"url": "Rnd.html#method_between", "access": "", "host": "Rnd", "type": "method", "name": "between"}, {"url": "GameShell.html#property_body", "access": "protected", "host": "GameShell", "type": "property", "name": "body"}, {"url": "TouchBar.html#property_BOTH", "access": "", "host": "TouchBar", "type": "property", "name": "BOTH"}, {"url": "GamePad.html#property_BUTTON_1", "access": "", "host": "GamePad", "type": "property", "name": "BUTTON_1"}, {"url": "GamePad.html#property_BUTTON_2", "access": "", "host": "GamePad", "type": "property", "name": "BUTTON_2"}, {"url": "GamePad.html#property_BUTTON_3", "access": "", "host": "GamePad", "type": "property", "name": "BUTTON_3"}, {"url": "GamePad.html#property_BUTTON_4", "access": "", "host": "GamePad", "type": "property", "name": "BUTTON_4"}, {"url": "JoyStick.html#property_buttonActive", "access": "", "host": "JoyStick", "type": "property", "name": "buttonActive"}, {"url": "Throttle.html#property_buttonActive", "access": "", "host": "Throttle", "type": "property", "name": "buttonActive"}, {"url": "PerformanceMonitor.html#property_callback", "access": "", "host": "PerformanceMonitor", "type": "property", "name": "callback"}, {"url": "ArcadeButton.html#property_callback", "access": "", "host": "ArcadeButton", "type": "property", "name": "callback"}, {"url": "GameBootstrap.html#property_canvas", "access": "protected", "host": "GameBootstrap", "type": "property", "name": "canvas"}, {"url": "Rnd.html#method_capitalize", "access": "", "host": "Rnd", "type": "method", "name": "capitalize"}, {"url": "GameUI.html#method_changeBackground", "access": "", "host": "GameUI", "type": "method", "name": "changeBackground"}, {"url": "GameMediator.html#method_cleanUp", "access": "", "host": "GameMediator", "type": "method", "name": "cleanUp"}, {"url": "GameShell.html#method_cleanUp", "access": "", "host": "GameShell", "type": "method", "name": "cleanUp"}, {"url": "FramePacket.html#property_clientId", "access": "", "host": "FramePacket", "type": "property", "name": "clientId"}, {"url": "MultiPlayerGame.html#property_clientId", "access": "", "host": "MultiPlayerGame", "type": "property", "name": "clientId"}, {"url": "GameMediator.html#method_command", "access": "protected", "host": "GameMediator", "type": "method", "name": "command"}, {"url": "ParticleEmitter.html#property_container", "access": "", "host": "ParticleEmitter", "type": "property", "name": "container"}, {"url": "Rnd.html#method_contains", "access": "", "host": "Rnd", "type": "method", "name": "contains"}, {"url": "Game.html#method_continueGame", "access": "", "host": "Game", "type": "method", "name": "continueGame"}, {"url": "GameShell.html#method_createGame", "access": "", "host": "GameShell", "type": "method", "name": "createGame"}, {"url": "GameBootstrap.html#method_createGameInstance", "access": "protected", "host": "GameBootstrap", "type": "method", "name": "createGameInstance"}, {"url": "ParticleEmitter.html#method_createParticle", "access": "protected", "host": "ParticleEmitter", "type": "method", "name": "createParticle"}, {"url": "ParticleEmitter.html#method_cull", "access": "", "host": "ParticleEmitter", "type": "method", "name": "cull"}, {"url": "JoyStick.html#property_currentAmount", "access": "", "host": "JoyStick", "type": "property", "name": "currentAmount"}, {"url": "JoyStick.html#property_currentAngle", "access": "", "host": "JoyStick", "type": "property", "name": "currentAngle"}, {"url": "GameMediator.html#property_currentAssets", "access": "protected", "host": "GameMediator", "type": "property", "name": "currentAssets"}, {"url": "Throttle.html#property_currentDirection", "access": "", "host": "Throttle", "type": "property", "name": "currentDirection"}, {"url": "JoyStick.html#property_currentDistance", "access": "", "host": "JoyStick", "type": "property", "name": "currentDistance"}, {"url": "Throttle.html#property_currentDistance", "access": "", "host": "Throttle", "type": "property", "name": "currentDistance"}, {"url": "Atari.html#property_currentGame", "access": "", "host": "Atari", "type": "property", "name": "currentGame"}, {"url": "MultiPlayerGame.html#property_currentPackets", "access": "protected", "host": "MultiPlayerGame", "type": "property", "name": "currentPackets"}, {"url": "TouchBar.html#property_currentPosition", "access": "protected", "host": "TouchBar", "type": "property", "name": "currentPosition"}, {"url": "JoyStick.html#property_currentRad`", "access": "", "host": "JoyStick", "type": "property", "name": "currentRad`"}, {"url": "ParticleEmitter.html#property_defaultGraphics", "access": "protected", "host": "ParticleEmitter", "type": "property", "name": "defaultGraphics"}, {"url": "ParticleEmitter.html#property_defaultProps", "access": "protected", "host": "ParticleEmitter", "type": "property", "name": "defaultProps"}, {"url": "PerformanceMonitor.html#property_DEFAULT_THRESHOLD", "access": "", "host": "PerformanceMonitor", "type": "property", "name": "DEFAULT_THRESHOLD"}, {"url": "Math2.html#property_DEG_TO_RAD", "access": "", "host": "Math2", "type": "property", "name": "DEG_TO_RAD"}, {"url": "GameDetails.html#method_deserialize", "access": "", "host": "GameDetails", "type": "method", "name": "deserialize"}, {"url": "FramePacket.html#method_deserialize", "access": "", "host": "FramePacket", "type": "method", "name": "deserialize"}, {"url": "GamePacket.html#method_deserialize", "access": "", "host": "GamePacket", "type": "method", "name": "deserialize"}, {"url": "Game.html#method_destroy", "access": "", "host": "Game", "type": "method", "name": "destroy"}, {"url": "GameShell.html#method_destroyGame", "access": "", "host": "GameShell", "type": "method", "name": "destroyGame"}, {"url": "GamePacket.html#property_details", "access": "", "host": "GamePacket", "type": "property", "name": "details"}, {"url": "Atari.html#property_developerMode", "access": "", "host": "Atari", "type": "property", "name": "developerMode"}, {"url": "ArcadeButton.html#property_disabled", "access": "", "host": "ArcadeButton", "type": "property", "name": "disabled"}, {"url": "ScoreManager.html#property_displayScore", "access": "protected", "host": "ScoreManager", "type": "property", "name": "displayScore"}, {"url": "GamePad.html#property_DOWN", "access": "", "host": "GamePad", "type": "property", "name": "DOWN"}, {"url": "GamePad.html#property_downButtons", "access": "protected", "host": "GamePad", "type": "property", "name": "downButtons"}, {"url": "JoyStick.html#property_dragActive", "access": "", "host": "JoyStick", "type": "property", "name": "dragActive"}, {"url": "Rnd.html#method_editDistance", "access": "", "host": "Rnd", "type": "method", "name": "editDistance"}, {"url": "ParticleEmitter.html#method_emit", "access": "", "host": "ParticleEmitter", "type": "method", "name": "emit"}, {"url": "ParticleEmitter.html#method_emitMultiple", "access": "", "host": "ParticleEmitter", "type": "method", "name": "emitMultiple"}, {"url": "Rnd.html#method_endsWith", "access": "", "host": "Rnd", "type": "method", "name": "endsWith"}, {"url": "GameMediator.html#property_ERROR_CRITICAL", "access": "", "host": "GameMediator", "type": "property", "name": "ERROR_CRITICAL"}, {"url": "GameMediator.html#property_ERROR_NOTIFY", "access": "", "host": "GameMediator", "type": "property", "name": "ERROR_NOTIFY"}, {"url": "GameMediator.html#property_ERROR_WARNING", "access": "", "host": "GameMediator", "type": "property", "name": "ERROR_WARNING"}, {"url": "FramePacket.html#property_events", "access": "", "host": "FramePacket", "type": "property", "name": "events"}, {"url": "GameShell.html#property_frame", "access": "protected", "host": "GameShell", "type": "property", "name": "frame"}, {"url": "GamePacket.html#property_game", "access": "", "host": "GamePacket", "type": "property", "name": "game"}, {"url": "GameBootstrap.html#property_gameAssets", "access": "protected", "host": "GameBootstrap", "type": "property", "name": "gameAssets"}, {"url": "Game.html#event_gameError", "access": "", "host": "Game", "type": "event", "name": "gameError"}, {"url": "MultiPlayer.html#property_gameId", "access": "", "host": "MultiPlayer", "type": "property", "name": "gameId"}, {"url": "GameBootstrap.html#property_gameId", "access": "protected", "host": "GameBootstrap", "type": "property", "name": "gameId"}, {"url": "MultiPlayerGame.html#property_gameInfo", "access": "protected", "host": "MultiPlayerGame", "type": "property", "name": "gameInfo"}, {"url": "GameMediator.html#property_gameInstance", "access": "protected", "host": "GameMediator", "type": "property", "name": "gameInstance"}, {"url": "MultiPlayer.html#property_gameModes", "access": "", "host": "MultiPlayer", "type": "property", "name": "gameModes"}, {"url": "Game.html#event_gameNotification", "access": "", "host": "Game", "type": "event", "name": "gameNotification"}, {"url": "Player.html#property_gamePad", "access": "", "host": "Player", "type": "property", "name": "gamePad"}, {"url": "GameShell.html#event_gameReady", "access": "protected", "host": "GameShell", "type": "event", "name": "gameReady"}, {"url": "GamePad.html#method_getAngle", "access": "", "host": "GamePad", "type": "method", "name": "getAngle"}, {"url": "Player.html#method_getAvatar", "access": "", "host": "Player", "type": "method", "name": "getAvatar"}, {"url": "GamePad.html#method_getDownButtons", "access": "", "host": "GamePad", "type": "method", "name": "getDownButtons"}, {"url": "Game.html#method_getFramePacket", "access": "", "host": "Game", "type": "method", "name": "getFramePacket"}, {"url": "Game.html#method_getGamePacket", "access": "", "host": "Game", "type": "method", "name": "getGamePacket"}, {"url": "GamePad.html#method_getInternalCode", "access": "protected", "host": "GamePad", "type": "method", "name": "getInternalCode"}, {"url": "MultiPlayerGame.html#method_getLastSync", "access": "", "host": "MultiPlayerGame", "type": "method", "name": "getLastSync"}, {"url": "ProximityManager.html#method_getLength", "access": "", "host": "ProximityManager", "type": "method", "name": "getLength"}, {"url": "MultiPlayer.html#method_getMyPlayer", "access": "", "host": "MultiPlayer", "type": "method", "name": "getMyPlayer"}, {"url": "ProximityManager.html#method_getNeighbours", "access": "", "host": "ProximityManager", "type": "method", "name": "getNeighbours"}, {"url": "MultiPlayerGame.html#method_getPackets", "access": "", "host": "MultiPlayerGame", "type": "method", "name": "getPackets"}, {"url": "GamePad.html#method_getPosition", "access": "", "host": "GamePad", "type": "method", "name": "getPosition"}, {"url": "GameBootstrap.html#method_getPreloadHandlers", "access": "", "host": "GameBootstrap", "type": "method", "name": "getPreloadHandlers"}, {"url": "Math2.html#method_getRange", "access": "", "host": "Math2", "type": "method", "name": "getRange"}, {"url": "ScoreManager.html#method_getScore", "access": "", "host": "ScoreManager", "type": "method", "name": "getScore"}, {"url": "Game.html#method_getScore", "access": "", "host": "Game", "type": "method", "name": "getScore"}, {"url": "MultiPlayer.html#method_getSelectedGameMode", "access": "", "host": "MultiPlayer", "type": "method", "name": "getSelectedGameMode"}, {"url": "ProximityManager.html#property_gridSize", "access": "", "host": "ProximityManager", "type": "property", "name": "gridSize"}, {"url": "GameBootstrap.html#method_handleAssetError", "access": "protected", "host": "GameBootstrap", "type": "method", "name": "handleAssetError"}, {"url": "GameBootstrap.html#method_handleAssetLoaded", "access": "protected", "host": "GameBootstrap", "type": "method", "name": "handleAssetLoaded"}, {"url": "GameBootstrap.html#method_handleAssetsComplete", "access": "protected", "host": "GameBootstrap", "type": "method", "name": "handleAssetsComplete"}, {"url": "MultiPlayerGame.html#method_handleBecomeHost", "access": "", "host": "MultiPlayerGame", "type": "method", "name": "handleBecomeHost"}, {"url": "MultiPlayerGame.html#method_handleConnect", "access": "protected", "host": "MultiPlayerGame", "type": "method", "name": "handleConnect"}, {"url": "MultiPlayerGame.html#method_handleCountDown", "access": "protected", "host": "MultiPlayerGame", "type": "method", "name": "handleCountDown"}, {"url": "MultiPlayerGame.html#method_handleError", "access": "", "host": "MultiPlayerGame", "type": "method", "name": "handleError"}, {"url": "MultiPlayerGame.html#method_handleGameCanceled", "access": "protected", "host": "MultiPlayerGame", "type": "method", "name": "handleGameCanceled"}, {"url": "GameMediator.html#method_handleGameEvent", "access": "protected", "host": "GameMediator", "type": "method", "name": "handleGameEvent"}, {"url": "GameShell.html#method_handleGameList", "access": "protected", "host": "GameShell", "type": "method", "name": "handleGameList"}, {"url": "GameShell.html#method_handleGameManifest", "access": "protected", "host": "GameShell", "type": "method", "name": "handleGameManifest"}, {"url": "GameShell.html#method_handleGameProgress", "access": "protected", "host": "GameShell", "type": "method", "name": "handleGameProgress"}, {"url": "MultiPlayerGame.html#method_handleGameReady", "access": "protected", "host": "MultiPlayerGame", "type": "method", "name": "handleGameReady"}, {"url": "GameShell.html#method_handleGameReady", "access": "protected", "host": "GameShell", "type": "method", "name": "handleGameReady"}, {"url": "MultiPlayerGame.html#method_handleJoinSuccess", "access": "protected", "host": "MultiPlayerGame", "type": "method", "name": "handleJoinSuccess"}, {"url": "TouchBar.html#method_handleMouseDown", "access": "protected", "host": "TouchBar", "type": "method", "name": "handleMouseDown"}, {"url": "TouchBar.html#method_handleMouseMove", "access": "protected", "host": "TouchBar", "type": "method", "name": "handleMouseMove"}, {"url": "TouchBar.html#method_handleMouseUp", "access": "protected", "host": "TouchBar", "type": "method", "name": "handleMouseUp"}, {"url": "MultiPlayerGame.html#method_handleNewPlayer", "access": "", "host": "MultiPlayerGame", "type": "method", "name": "handleNewPlayer"}, {"url": "MultiPlayerGame.html#method_handlePacket", "access": "protected", "host": "MultiPlayerGame", "type": "method", "name": "handlePacket"}, {"url": "GameMediator.html#method_handlePause", "access": "protected", "host": "GameMediator", "type": "method", "name": "handlePause"}, {"url": "MultiPlayerGame.html#method_handlePlayerLeave", "access": "", "host": "MultiPlayerGame", "type": "method", "name": "handlePlayerLeave"}, {"url": "GameMediator.html#method_handlePreloadProgress", "access": "protected", "host": "GameMediator", "type": "method", "name": "handlePreloadProgress"}, {"url": "MultiPlayerGame.html#method_handleSync", "access": "protected", "host": "MultiPlayerGame", "type": "method", "name": "handleSync"}, {"url": "Rnd.html#method_hasText", "access": "", "host": "Rnd", "type": "method", "name": "hasText"}, {"url": "Parallax.html#property_height", "access": "", "host": "Parallax", "type": "property", "name": "height"}, {"url": "TouchBar.html#property_hitArea", "access": "", "host": "TouchBar", "type": "property", "name": "hitArea"}, {"url": "Throttle.html#property_HORIZONTAL", "access": "", "host": "Throttle", "type": "property", "name": "HORIZONTAL"}, {"url": "TouchBar.html#property_HORIZONTAL", "access": "", "host": "TouchBar", "type": "property", "name": "HORIZONTAL"}, {"url": "TouchBar.html#property_horizontalAlign", "access": "protected", "host": "TouchBar", "type": "property", "name": "horizontalAlign"}, {"url": "Player.html#property_id", "access": "", "host": "Player", "type": "property", "name": "id"}, {"url": "GameUI.html#method_initialize", "access": "protected", "host": "GameUI", "type": "method", "name": "initialize"}, {"url": "Parallax.html#method_initialize", "access": "protected", "host": "Parallax", "type": "method", "name": "initialize"}, {"url": "ParticleEmitter.html#method_initialize", "access": "protected", "host": "ParticleEmitter", "type": "method", "name": "initialize"}, {"url": "ScoreManager.html#method_initialize", "access": "protected", "host": "ScoreManager", "type": "method", "name": "initialize"}, {"url": "GamePad.html#method_initialize", "access": "protected", "host": "GamePad", "type": "method", "name": "initialize"}, {"url": "TouchBar.html#method_initialize", "access": "protected", "host": "TouchBar", "type": "method", "name": "initialize"}, {"url": "Player.html#method_initialize", "access": "", "host": "Player", "type": "method", "name": "initialize"}, {"url": "Game.html#method_initialize", "access": "", "host": "Game", "type": "method", "name": "initialize"}, {"url": "GameBootstrap.html#method_initialize", "access": "", "host": "GameBootstrap", "type": "method", "name": "initialize"}, {"url": "GameShell.html#method_initialize", "access": "", "host": "GameShell", "type": "method", "name": "initialize"}, {"url": "GameShell.html#method_initializeGame", "access": "", "host": "GameShell", "type": "method", "name": "initializeGame"}, {"url": "GameBootstrap.html#method_initLoad", "access": "", "host": "GameBootstrap", "type": "method", "name": "initLoad"}, {"url": "GameShell.html#method_injectTemplate", "access": "protected", "host": "GameShell", "type": "method", "name": "injectTemplate"}, {"url": "Math2.html#property_INTERSECT_ANY", "access": "", "host": "Math2", "type": "property", "name": "INTERSECT_ANY"}, {"url": "Math2.html#property_INTERSECT_BOTTOM", "access": "", "host": "Math2", "type": "property", "name": "INTERSECT_BOTTOM"}, {"url": "Math2.html#property_INTERSECT_HORIZONTAL", "access": "", "host": "Math2", "type": "property", "name": "INTERSECT_HORIZONTAL"}, {"url": "Math2.html#property_INTERSECT_INSIDE", "access": "", "host": "Math2", "type": "property", "name": "INTERSECT_INSIDE"}, {"url": "Math2.html#property_INTERSECT_LEFT", "access": "", "host": "Math2", "type": "property", "name": "INTERSECT_LEFT"}, {"url": "Math2.html#property_INTERSECT_NONE", "access": "", "host": "Math2", "type": "property", "name": "INTERSECT_NONE"}, {"url": "Math2.html#property_INTERSECT_RIGHT", "access": "", "host": "Math2", "type": "property", "name": "INTERSECT_RIGHT"}, {"url": "Math2.html#property_INTERSECT_TOP", "access": "", "host": "Math2", "type": "property", "name": "INTERSECT_TOP"}, {"url": "GamePad.html#method_isAllButtonsDown", "access": "", "host": "GamePad", "type": "method", "name": "isAllButtonsDown"}, {"url": "GamePad.html#method_isAnyButtonsDown", "access": "", "host": "GamePad", "type": "method", "name": "isAnyButtonsDown"}, {"url": "GamePad.html#method_isButtonDown", "access": "", "host": "GamePad", "type": "method", "name": "isButtonDown"}, {"url": "Player.html#property_isComputer", "access": "", "host": "Player", "type": "property", "name": "isComputer"}, {"url": "Rnd.html#method_isEmpty", "access": "", "host": "Rnd", "type": "method", "name": "isEmpty"}, {"url": "Player.html#property_isFriend", "access": "", "host": "Player", "type": "property", "name": "isFriend"}, {"url": "MultiPlayerGame.html#property_isHost", "access": "", "host": "MultiPlayerGame", "type": "property", "name": "isHost"}, {"url": "Player.html#property_isHost", "access": "", "host": "Player", "type": "property", "name": "isHost"}, {"url": "MultiPlayer.html#property_isIOS", "access": "", "host": "MultiPlayer", "type": "property", "name": "isIOS"}, {"url": "Player.html#property_isMe", "access": "", "host": "Player", "type": "property", "name": "isMe"}, {"url": "MultiPlayer.html#method_isMultiPlayer", "access": "", "host": "MultiPlayer", "type": "method", "name": "isMultiPlayer"}, {"url": "Rnd.html#method_isNumeric", "access": "", "host": "Rnd", "type": "method", "name": "isNumeric"}, {"url": "GameMediator.html#property_isPaused", "access": "", "host": "GameMediator", "type": "property", "name": "isPaused"}, {"url": "MultiPlayerGame.html#method_joinGame", "access": "", "host": "MultiPlayerGame", "type": "method", "name": "joinGame"}, {"url": "GamePad.html#property_keyMap", "access": "protected", "host": "GamePad", "type": "property", "name": "keyMap"}, {"url": "GamePad.html#property_lastPressed", "access": "", "host": "GamePad", "type": "property", "name": "lastPressed"}, {"url": "MultiPlayerGame.html#property_lastSync", "access": "protected", "host": "MultiPlayerGame", "type": "property", "name": "lastSync"}, {"url": "GameMediator.html#property_lastTick", "access": "protected", "host": "GameMediator", "type": "property", "name": "lastTick"}, {"url": "Parallax.html#property_layers", "access": "protected", "host": "Parallax", "type": "property", "name": "layers"}, {"url": "ScoreManager.html#property_leading", "access": "", "host": "ScoreManager", "type": "property", "name": "leading"}, {"url": "GameDetails.html#property_level", "access": "", "host": "GameDetails", "type": "property", "name": "level"}, {"url": "Parallax.html#property_levels", "access": "protected", "host": "Parallax", "type": "property", "name": "levels"}, {"url": "Math2.html#method_lineToBox", "access": "", "host": "Math2", "type": "method", "name": "lineToBox"}, {"url": "Math2.html#method_lineToLine", "access": "", "host": "Math2", "type": "method", "name": "lineToLine"}, {"url": "ProximityManager.html#method_list", "access": "", "host": "ProximityManager", "type": "method", "name": "list"}, {"url": "GameDetails.html#property_lives", "access": "", "host": "GameDetails", "type": "property", "name": "lives"}, {"url": "GameShell.html#method_loadFile", "access": "protected", "host": "GameShell", "type": "method", "name": "loadFile"}, {"url": "GameMediator.html#method_logError", "access": "", "host": "GameMediator", "type": "method", "name": "logError"}, {"url": "PerformanceMonitor.html#property_lowQualityMode", "access": "", "host": "PerformanceMonitor", "type": "property", "name": "lowQualityMode"}, {"url": "GameBootstrap.html#property_manifest", "access": "protected", "host": "GameBootstrap", "type": "property", "name": "manifest"}, {"url": "PerformanceMonitor.html#property_minFPS", "access": "", "host": "PerformanceMonitor", "type": "property", "name": "minFPS"}, {"url": "GameBootstrap.html#property_MIN_LOAD_TIME", "access": "", "host": "GameBootstrap", "type": "property", "name": "MIN_LOAD_TIME"}, {"url": "MultiPlayer.html#property_mode", "access": "", "host": "MultiPlayer", "type": "property", "name": "mode"}, {"url": "TouchBar.html#property_mouseIsDown", "access": "protected", "host": "TouchBar", "type": "property", "name": "mouseIsDown"}, {"url": "TouchBar.html#property_MOVE_MODE", "access": "", "host": "TouchBar", "type": "property", "name": "MOVE_MODE"}, {"url": "Math2.html#method_moveTowardsTarget", "access": "", "host": "Math2", "type": "method", "name": "moveTowardsTarget"}, {"url": "MultiPlayer.html#property_MULTI_PLAYER", "access": "", "host": "MultiPlayer", "type": "property", "name": "MULTI_PLAYER"}, {"url": "GameMediator.html#property_multiPlayerGame", "access": "protected", "host": "GameMediator", "type": "property", "name": "multiPlayerGame"}, {"url": "Player.html#property_name", "access": "", "host": "Player", "type": "property", "name": "name"}, {"url": "Atari.html#property_NORMAL", "access": "", "host": "Atari", "type": "property", "name": "NORMAL"}, {"url": "TouchBar.html#property_offset", "access": "protected", "host": "TouchBar", "type": "property", "name": "offset"}, {"url": "GamePad.html#event_onButtonDown", "access": "", "host": "GamePad", "type": "event", "name": "onButtonDown"}, {"url": "GamePad.html#event_onButtonUp", "access": "", "host": "GamePad", "type": "event", "name": "onButtonUp"}, {"url": "MultiPlayerGame.html#property_onConnectionError", "access": "", "host": "MultiPlayerGame", "type": "property", "name": "onConnectionError"}, {"url": "MultiPlayerGame.html#event_onConnectionSuccess", "access": "", "host": "MultiPlayerGame", "type": "event", "name": "onConnectionSuccess"}, {"url": "MultiPlayerGame.html#event_onCountDown", "access": "", "host": "MultiPlayerGame", "type": "event", "name": "onCountDown"}, {"url": "GamePad.html#method_onExternalEvent", "access": "protected", "host": "GamePad", "type": "method", "name": "onExternalEvent"}, {"url": "Game.html#event_onGameAchievement", "access": "", "host": "Game", "type": "event", "name": "onGameAchievement"}, {"url": "MultiPlayerGame.html#event_onGameCanceled", "access": "", "host": "MultiPlayerGame", "type": "event", "name": "onGameCanceled"}, {"url": "Game.html#event_onGameComplete", "access": "", "host": "Game", "type": "event", "name": "onGameComplete"}, {"url": "GameMediator.html#event_onGameEvent", "access": "", "host": "GameMediator", "type": "event", "name": "onGameEvent"}, {"url": "GameShell.html#event_onGameEvent", "access": "", "host": "GameShell", "type": "event", "name": "onGameEvent"}, {"url": "Player.html#property_onGameOver", "access": "", "host": "Player", "type": "property", "name": "onGameOver"}, {"url": "Game.html#event_onGameOver", "access": "", "host": "Game", "type": "event", "name": "onGameOver"}, {"url": "GameMediator.html#event_onGameProgress", "access": "", "host": "GameMediator", "type": "event", "name": "onGameProgress"}, {"url": "GameShell.html#event_onGameProgress", "access": "", "host": "GameShell", "type": "event", "name": "onGameProgress"}, {"url": "MultiPlayerGame.html#event_onGameReady", "access": "", "host": "MultiPlayerGame", "type": "event", "name": "onGameReady"}, {"url": "GameMediator.html#event_onGameReady", "access": "", "host": "GameMediator", "type": "event", "name": "onGameReady"}, {"url": "MultiPlayerGame.html#event_onGameTimeout", "access": "", "host": "MultiPlayerGame", "type": "event", "name": "onGameTimeout"}, {"url": "GamePad.html#event_onKonamiCode", "access": "", "host": "GamePad", "type": "event", "name": "onKonamiCode"}, {"url": "Game.html#event_onLevelComplete", "access": "", "host": "Game", "type": "event", "name": "onLevelComplete"}, {"url": "Game.html#event_onLifeLost", "access": "", "host": "Game", "type": "event", "name": "onLifeLost"}, {"url": "MultiPlayerGame.html#event_onPlayersChanged", "access": "", "host": "MultiPlayerGame", "type": "event", "name": "onPlayersChanged"}, {"url": "MultiPlayerGame.html#property_onSocketError", "access": "", "host": "MultiPlayerGame", "type": "property", "name": "onSocketError"}, {"url": "GamePad.html#event_onTap", "access": "", "host": "GamePad", "type": "event", "name": "onTap"}, {"url": "GameBootstrap.html#property_owner", "access": "protected", "host": "GameBootstrap", "type": "property", "name": "owner"}, {"url": "Rnd.html#method_padLeft", "access": "", "host": "Rnd", "type": "method", "name": "padLeft"}, {"url": "Rnd.html#method_padRight", "access": "", "host": "Rnd", "type": "method", "name": "padRight"}, {"url": "Atari.html#method_parseJSON", "access": "", "host": "Atari", "type": "method", "name": "parseJSON"}, {"url": "ParticleEmitter.html#property_particles", "access": "protected", "host": "ParticleEmitter", "type": "property", "name": "particles"}, {"url": "Player.html#method_pause", "access": "", "host": "Player", "type": "method", "name": "pause"}, {"url": "Game.html#method_pause", "access": "", "host": "Game", "type": "method", "name": "pause"}, {"url": "GamePad.html#property_player", "access": "", "host": "GamePad", "type": "property", "name": "player"}, {"url": "GamePad.html#property_players", "access": "", "host": "GamePad", "type": "property", "name": "players"}, {"url": "MultiPlayer.html#property_players", "access": "", "host": "MultiPlayer", "type": "property", "name": "players"}, {"url": "GamePacket.html#property_players", "access": "", "host": "GamePacket", "type": "property", "name": "players"}, {"url": "ProximityManager.html#property_pos", "access": "protected", "host": "ProximityManager", "type": "property", "name": "pos"}, {"url": "ScoreManager.html#property_prefix", "access": "", "host": "ScoreManager", "type": "property", "name": "prefix"}, {"url": "Rnd.html#method_properCase", "access": "", "host": "Rnd", "type": "method", "name": "properCase"}, {"url": "Atari.html#method_proxy", "access": "", "host": "Atari", "type": "method", "name": "proxy"}, {"url": "Math2.html#property_RAD_TO_DEG", "access": "", "host": "Math2", "type": "property", "name": "RAD_TO_DEG"}, {"url": "Rnd.html#method_randBit", "access": "", "host": "Rnd", "type": "method", "name": "randBit"}, {"url": "Rnd.html#method_randBoolean", "access": "", "host": "Rnd", "type": "method", "name": "randBoolean"}, {"url": "Rnd.html#method_randFloat", "access": "", "host": "Rnd", "type": "method", "name": "randFloat"}, {"url": "Rnd.html#method_randInteger", "access": "", "host": "Rnd", "type": "method", "name": "randInteger"}, {"url": "Rnd.html#method_random", "access": "", "host": "Rnd", "type": "method", "name": "random"}, {"url": "Rnd.html#method_randSign", "access": "", "host": "Rnd", "type": "method", "name": "randSign"}, {"url": "Game.html#method_reduceFrameRate", "access": "", "host": "Game", "type": "method", "name": "reduceFrameRate"}, {"url": "ProximityManager.html#method_refresh", "access": "", "host": "ProximityManager", "type": "method", "name": "refresh"}, {"url": "GameMediator.html#method_registerGameInstance", "access": "protected", "host": "GameMediator", "type": "method", "name": "registerGameInstance"}, {"url": "GameShell.html#method_registerMediator", "access": "", "host": "GameShell", "type": "method", "name": "registerMediator"}, {"url": "GameMediator.html#method_registerShell", "access": "protected", "host": "GameMediator", "type": "method", "name": "registerShell"}, {"url": "Pool.html#method_remove", "access": "", "host": "Pool", "type": "method", "name": "remove"}, {"url": "Rnd.html#method_remove", "access": "", "host": "Rnd", "type": "method", "name": "remove"}, {"url": "Rnd.html#method_removeExtraWhitespace", "access": "", "host": "Rnd", "type": "method", "name": "removeExtraWhitespace"}, {"url": "ProximityManager.html#method_removeItem", "access": "", "host": "ProximityManager", "type": "method", "name": "removeItem"}, {"url": "PerformanceMonitor.html#method_reset", "access": "", "host": "PerformanceMonitor", "type": "method", "name": "reset"}, {"url": "GamePad.html#method_reset", "access": "", "host": "GamePad", "type": "method", "name": "reset"}, {"url": "Game.html#method_restart", "access": "", "host": "Game", "type": "method", "name": "restart"}, {"url": "Rnd.html#method_reverse", "access": "", "host": "Rnd", "type": "method", "name": "reverse"}, {"url": "Rnd.html#method_reverseWords", "access": "", "host": "Rnd", "type": "method", "name": "reverseWords"}, {"url": "GamePad.html#property_RIGHT", "access": "", "host": "GamePad", "type": "property", "name": "RIGHT"}, {"url": "MultiPlayer.html#property_roomName", "access": "", "host": "MultiPlayer", "type": "property", "name": "roomName"}, {"url": "GameDetails.html#property_score", "access": "", "host": "GameDetails", "type": "property", "name": "score"}, {"url": "ScoreManager.html#property_score", "access": "", "host": "ScoreManager", "type": "property", "name": "score"}, {"url": "MultiPlayer.html#property_selectedMode", "access": "", "host": "MultiPlayer", "type": "property", "name": "selectedMode"}, {"url": "MultiPlayerGame.html#method_sendGameState", "access": "", "host": "MultiPlayerGame", "type": "method", "name": "sendGameState"}, {"url": "MultiPlayerGame.html#method_sendPacket", "access": "", "host": "MultiPlayerGame", "type": "method", "name": "sendPacket"}, {"url": "GameDetails.html#method_serialize", "access": "", "host": "GameDetails", "type": "method", "name": "serialize"}, {"url": "FramePacket.html#method_serialize", "access": "", "host": "FramePacket", "type": "method", "name": "serialize"}, {"url": "GamePacket.html#method_serialize", "access": "", "host": "GamePacket", "type": "method", "name": "serialize"}, {"url": "GamePad.html#method_setAngle", "access": "protected", "host": "GamePad", "type": "method", "name": "setAngle"}, {"url": "GamePad.html#method_setButtonDown", "access": "", "host": "GamePad", "type": "method", "name": "setButtonDown"}, {"url": "GamePad.html#method_setButtonsDown", "access": "", "host": "GamePad", "type": "method", "name": "setButtonsDown"}, {"url": "GamePad.html#method_setButtonsUp", "access": "", "host": "GamePad", "type": "method", "name": "setButtonsUp"}, {"url": "GamePad.html#method_setButtonUp", "access": "", "host": "GamePad", "type": "method", "name": "setButtonUp"}, {"url": "GamePad.html#method_setKeyMap", "access": "", "host": "GamePad", "type": "method", "name": "setKeyMap"}, {"url": "GameMediator.html#method_setMute", "access": "", "host": "GameMediator", "type": "method", "name": "setMute"}, {"url": "GameShell.html#method_setMute", "access": "", "host": "GameShell", "type": "method", "name": "setMute"}, {"url": "Parallax.html#method_setPosition", "access": "", "host": "Parallax", "type": "method", "name": "setPosition"}, {"url": "GamePad.html#method_setPosition", "access": "", "host": "GamePad", "type": "method", "name": "setPosition"}, {"url": "JoyStick.html#method_setPosition", "access": "", "host": "JoyStick", "type": "method", "name": "setPosition"}, {"url": "Throttle.html#method_setPosition", "access": "", "host": "Throttle", "type": "method", "name": "setPosition"}, {"url": "ScoreManager.html#method_setScore", "access": "", "host": "ScoreManager", "type": "method", "name": "setScore"}, {"url": "Rnd.html#method_setSeed", "access": "", "host": "Rnd", "type": "method", "name": "setSeed"}, {"url": "MultiPlayer.html#method_setSelectedGameMode", "access": "", "host": "MultiPlayer", "type": "method", "name": "setSelectedGameMode"}, {"url": "TouchBar.html#method_setTargetAlignMode", "access": "", "host": "TouchBar", "type": "method", "name": "setTargetAlignMode"}, {"url": "GameShell.html#method_setupGame", "access": "", "host": "GameShell", "type": "method", "name": "setupGame"}, {"url": "GameMediator.html#property_shell", "access": "protected", "host": "GameMediator", "type": "property", "name": "shell"}, {"url": "GameMediator.html#method_showError", "access": "protected", "host": "GameMediator", "type": "method", "name": "showError"}, {"url": "Rnd.html#method_similarity", "access": "", "host": "Rnd", "type": "method", "name": "similarity"}, {"url": "MultiPlayer.html#property_SINGLE_PLAYER", "access": "", "host": "MultiPlayer", "type": "property", "name": "SINGLE_PLAYER"}, {"url": "MultiPlayerGame.html#property_socket", "access": "protected", "host": "MultiPlayerGame", "type": "property", "name": "socket"}, {"url": "ArcadeButton.html#property_sprite", "access": "", "host": "ArcadeButton", "type": "property", "name": "sprite"}, {"url": "JoyStick.html#property_sprite", "access": "", "host": "JoyStick", "type": "property", "name": "sprite"}, {"url": "Throttle.html#property_sprite", "access": "", "host": "Throttle", "type": "property", "name": "sprite"}, {"url": "TouchBar.html#property_sprite", "access": "protected", "host": "TouchBar", "type": "property", "name": "sprite"}, {"url": "Pool.html#property_sprites", "access": "protected", "host": "Pool", "type": "property", "name": "sprites"}, {"url": "ProximityManager.html#property_sprites", "access": "protected", "host": "ProximityManager", "type": "property", "name": "sprites"}, {"url": "GameBootstrap.html#property_stage", "access": "protected", "host": "GameBootstrap", "type": "property", "name": "stage"}, {"url": "GameMediator.html#property_stage", "access": "", "host": "GameMediator", "type": "property", "name": "stage"}, {"url": "GameUI.html#method_startDrag", "access": "", "host": "GameUI", "type": "method", "name": "startDrag"}, {"url": "Game.html#method_startGame", "access": "", "host": "Game", "type": "method", "name": "startGame"}, {"url": "GameBootstrap.html#method_startGame", "access": "", "host": "GameBootstrap", "type": "method", "name": "startGame"}, {"url": "GameMediator.html#method_startGame", "access": "", "host": "GameMediator", "type": "method", "name": "startGame"}, {"url": "GameShell.html#method_startGame", "access": "", "host": "GameShell", "type": "method", "name": "startGame"}, {"url": "FramePacket.html#property_state", "access": "", "host": "FramePacket", "type": "property", "name": "state"}, {"url": "GameUI.html#method_stopDrag", "access": "", "host": "GameUI", "type": "method", "name": "stopDrag"}, {"url": "TouchBar.html#method_stopMoving", "access": "protected", "host": "TouchBar", "type": "method", "name": "stopMoving"}, {"url": "Rnd.html#method_stripTags", "access": "", "host": "Rnd", "type": "method", "name": "stripTags"}, {"url": "ScoreManager.html#method_subtractScore", "access": "", "host": "ScoreManager", "type": "method", "name": "subtractScore"}, {"url": "StringUtils.html#method_supplant", "access": "", "host": "StringUtils", "type": "method", "name": "supplant"}, {"url": "Rnd.html#method_supplant", "access": "", "host": "Rnd", "type": "method", "name": "supplant"}, {"url": "Rnd.html#method_swapCase", "access": "", "host": "Rnd", "type": "method", "name": "swapCase"}, {"url": "Game.html#method_sync", "access": "", "host": "Game", "type": "method", "name": "sync"}, {"url": "GamePad.html#property_target", "access": "", "host": "GamePad", "type": "property", "name": "target"}, {"url": "TouchBar.html#property_target", "access": "", "host": "TouchBar", "type": "property", "name": "target"}, {"url": "TouchBar.html#property_targetAmount", "access": "", "host": "TouchBar", "type": "property", "name": "targetAmount"}, {"url": "TouchBar.html#property_targetDirection", "access": "", "host": "TouchBar", "type": "property", "name": "targetDirection"}, {"url": "GameMediator.html#property_targetFPS", "access": "", "host": "GameMediator", "type": "property", "name": "targetFPS"}, {"url": "TouchBar.html#property_targetMode", "access": "", "host": "TouchBar", "type": "property", "name": "targetMode"}, {"url": "GameMediator.html#property_targetMS", "access": "", "host": "GameMediator", "type": "property", "name": "targetMS"}, {"url": "TouchBar.html#property_targetPosition", "access": "protected", "host": "TouchBar", "type": "property", "name": "targetPosition"}, {"url": "GameShell.html#method_templateLoaded", "access": "protected", "host": "GameShell", "type": "method", "name": "templateLoaded"}, {"url": "GameShell.html#property_templatePath", "access": "", "host": "GameShell", "type": "property", "name": "templatePath"}, {"url": "ScoreManager.html#property_text", "access": "protected", "host": "ScoreManager", "type": "property", "name": "text"}, {"url": "PerformanceMonitor.html#property_threshold", "access": "", "host": "PerformanceMonitor", "type": "property", "name": "threshold"}, {"url": "GameShell.html#method_throttleEvent", "access": "protected", "host": "GameShell", "type": "method", "name": "throttleEvent"}, {"url": "Parallax.html#method_tick", "access": "protected", "host": "Parallax", "type": "method", "name": "tick"}, {"url": "ParticleEmitter.html#method_tick", "access": "protected", "host": "ParticleEmitter", "type": "method", "name": "tick"}, {"url": "TouchBar.html#method_tick", "access": "protected", "host": "TouchBar", "type": "method", "name": "tick"}, {"url": "Game.html#method_tick", "access": "", "host": "Game", "type": "method", "name": "tick"}, {"url": "GameMediator.html#method_tick", "access": "protected", "host": "GameMediator", "type": "method", "name": "tick"}, {"url": "ParticleEmitter.html#property_tickFactor", "access": "", "host": "ParticleEmitter", "type": "property", "name": "tickFactor"}, {"url": "TouchBar.html#property_tickFactor", "access": "", "host": "TouchBar", "type": "property", "name": "tickFactor"}, {"url": "PerformanceMonitor.html#property_timeOnLow", "access": "", "host": "PerformanceMonitor", "type": "property", "name": "timeOnLow"}, {"url": "MultiPlayer.html#property_touchEnabled", "access": "", "host": "MultiPlayer", "type": "property", "name": "touchEnabled"}, {"url": "Atari.html#method_trace", "access": "", "host": "Atari", "type": "method", "name": "trace"}, {"url": "GamePad.html#method_triggerButton", "access": "", "host": "GamePad", "type": "method", "name": "triggerButton"}, {"url": "GamePad.html#method_triggerTap", "access": "", "host": "GamePad", "type": "method", "name": "triggerTap"}, {"url": "Rnd.html#method_trim", "access": "", "host": "Rnd", "type": "method", "name": "trim"}, {"url": "Rnd.html#method_trimLeft", "access": "", "host": "Rnd", "type": "method", "name": "trimLeft"}, {"url": "Rnd.html#method_trimRight", "access": "", "host": "Rnd", "type": "method", "name": "trimRight"}, {"url": "Rnd.html#method_truncate", "access": "", "host": "Rnd", "type": "method", "name": "truncate"}, {"url": "TouchBar.html#property_TWEEN_MODE", "access": "", "host": "TouchBar", "type": "property", "name": "TWEEN_MODE"}, {"url": "Math2.html#method_tweenTowardsTarget", "access": "", "host": "Math2", "type": "method", "name": "tweenTowardsTarget"}, {"url": "GamePad.html#property_UP", "access": "", "host": "GamePad", "type": "property", "name": "UP"}, {"url": "Parallax.html#method_update", "access": "protected", "host": "Parallax", "type": "method", "name": "update"}, {"url": "ScoreManager.html#method_update", "access": "", "host": "ScoreManager", "type": "method", "name": "update"}, {"url": "TouchBar.html#method_update", "access": "protected", "host": "TouchBar", "type": "method", "name": "update"}, {"url": "TouchBar.html#method_updateOffset", "access": "protected", "host": "TouchBar", "type": "method", "name": "updateOffset"}, {"url": "Game.html#method_updatePlayers", "access": "", "host": "Game", "type": "method", "name": "updatePlayers"}, {"url": "TouchBar.html#method_updateTarget", "access": "", "host": "TouchBar", "type": "method", "name": "updateTarget"}, {"url": "Throttle.html#property_VERTICAL", "access": "", "host": "Throttle", "type": "property", "name": "VERTICAL"}, {"url": "TouchBar.html#property_VERTICAL", "access": "", "host": "TouchBar", "type": "property", "name": "VERTICAL"}, {"url": "TouchBar.html#property_verticalAlign", "access": "protected", "host": "TouchBar", "type": "property", "name": "verticalAlign"}, {"url": "Rnd.html#method_weighted", "access": "", "host": "Rnd", "type": "method", "name": "weighted"}, {"url": "Parallax.html#property_width", "access": "", "host": "Parallax", "type": "property", "name": "width"}, {"url": "GameShell.html#property_window", "access": "protected", "host": "GameShell", "type": "property", "name": "window"}, {"url": "Rnd.html#method_wordCount", "access": "", "host": "Rnd", "type": "method", "name": "wordCount"}]